{"schema":6,"addons":[{"id":"addon@darkreader.org","icons":{"32":"https://addons.mozilla.org/user-media/addon_icons/855/855413-32.png?modified=3f34e276","64":"https://addons.mozilla.org/user-media/addon_icons/855/855413-64.png?modified=3f34e276","128":"https://addons.mozilla.org/user-media/addon_icons/855/855413-128.png?modified=3f34e276"},"name":"Dark Reader","version":"4.9.52","sourceURI":"https://addons.mozilla.org/firefox/downloads/file/3968561/darkreader-4.9.52.xpi","homepageURL":"https://darkreader.org/","supportURL":"https://github.com/darkreader/darkreader","description":"Dark mode for every website. Take care of your eyes, use dark theme for night and daily browsing.","fullDescription":"This eye-care extension enables night mode creating dark themes for websites on the fly. Dark Reader inverts bright colors making them high contrast and easy to read at night.\n\nYou can adjust brightness, contrast, sepia filter, dark mode, font settings and ignore-list.\n\nDark Reader doesn't show ads and doesn't send user's data anywhere. It is fully open-source https://github.com/darkreader/darkreader\n\nBefore you install disable similar extensions. Enjoy watching!","weeklyDownloads":19858,"type":"extension","creator":{"name":"Alexander Shutau","url":"https://addons.mozilla.org/es/firefox/user/13299734/"},"developers":[],"screenshots":[{"url":"https://addons.mozilla.org/user-media/previews/full/201/201069.png?modified=1638883247","width":2400,"height":1500,"thumbnailURL":"https://addons.mozilla.org/user-media/previews/thumbs/201/201069.jpg?modified=1638883247","thumbnailWidth":533,"thumbnailHeight":333,"caption":"Dark Reader night theme mode"},{"url":"https://addons.mozilla.org/user-media/previews/full/201/201070.png?modified=1638883247","width":2400,"height":1500,"thumbnailURL":"https://addons.mozilla.org/user-media/previews/thumbs/201/201070.jpg?modified=1638883247","thumbnailWidth":533,"thumbnailHeight":333,"caption":"Dark Reader filter settings"}],"contributionURL":"https://opencollective.com/darkreader?utm_content=product-page-contribute&utm_medium=referral&utm_source=addons.mozilla.org","averageRating":4.5526,"reviewCount":1442,"reviewURL":"https://addons.mozilla.org/es/firefox/addon/darkreader/reviews/","updateDate":1656418435000},{"id":"foxyproxy@eric.h.jung","icons":{"32":"https://addons.mozilla.org/user-media/addon_icons/2/2464-32.png?modified=mcrushed","64":"https://addons.mozilla.org/user-media/addon_icons/2/2464-64.png?modified=mcrushed","128":"https://addons.mozilla.org/user-media/addon_icons/2/2464-128.png?modified=mcrushed"},"name":"FoxyProxy Standard","version":"7.5.1","sourceURI":"https://addons.mozilla.org/firefox/downloads/file/3616824/foxyproxy_standard-7.5.1.xpi","homepageURL":"https://getfoxyproxy.org","supportURL":"https://getfoxyproxy.org/","description":"FoxyProxy is an advanced proxy management tool that completely replaces Firefox's limited proxying capabilities. For a simpler tool and less advanced configuration options, please use FoxyProxy Basic.","fullDescription":"Broken after updating to Firefox 71?\nPlease remove FoxyProxy, restart Firefox, and re-install. There is some upgrade bug with Firefox 71.\n\nWHAT IS IT?\nFoxyProxy is a Firefox extension which automatically switches an internet connection across one or more proxy servers based on URL patterns. Put simply, FoxyProxy automates the manual process of editing Firefox's Connection Settings dialog. Proxy server switching occurs based on the loading URL and the switching rules you define.\n\n* Custom colors make it easy to see which proxy is in use\n* Advanced logging shows you which proxies were used and when\n* (optional) Automatically synchronize all of your proxy settings with your other Firefox instances when you use Firefox Sync. Import/Export settings to files when not using Firefox Sync.\n* Import/Export patterns to share with others.\n\nUPGRADING\nPlease import your old FoxyProxy settings using the Import button.\n\nOlder Firefox Versions\nhttps://addons.mozilla.org/en-US/firefox/addon/foxyproxy-standard/versions/\nFor pre-Firefox 57 (Quantum), install FoxyProxy 4.6.5. from here:\nhttps://github.com/foxyproxy/firefox-extension/blob/master/archive/dist/foxyproxy-standard/4.6.5/foxyproxy_standard-4.6.5-fx%2Bsm%2Btb-2017-01-27.xpi\nNote: 4.6.5 is not maintained.\n\nPERMISSIONS\nThe \"Download files\" permission is used to export FoxyProxy settings to a file (so you can import it elsewhere). The \"Download history\" permission is required only because Firefox does not allow add-ons to specify just \"download files\" without \"download history\". It's all or nothing. Internally, nothing is done with your download history. This is open source software and you can view the code yourself by unzipping the downloaded then using a text viewer, or by visiting https://github.com/foxyproxy/firefox-extension\n\n\"Clear recent browsing history, cookies, and related data\": this is used by the big eraser button since version 6.3. You can delete cookies, cache, etc with one-click. A future version will allow you to clear the data automatically when switching proxies, just like the old FoxyProxy (pre-Firefox Quantum / Firefox 57).\n\nANDROID\nAs of 2020, FoxyProxy works on Firefox for Android!\n\n    Switch proxies with URL pattern matching\n    Custom colors make it easy to see which proxy is in use\n    Advanced logging shows you which proxies were used and when\n    (optional) Automatically synchronize all of your proxy settings with your other Firefox instances when you use Firefox Sync. Import/Export settings to files when not using Firefox Sync\n    Import/Export patterns to share with others.","weeklyDownloads":16923,"type":"extension","creator":{"name":"Eric H. Jung","url":"https://addons.mozilla.org/es/firefox/user/323/"},"developers":[],"screenshots":[{"url":"https://addons.mozilla.org/user-media/previews/full/5/5857.png?modified=1622132275","width":122,"height":150,"thumbnailURL":"https://addons.mozilla.org/user-media/previews/thumbs/5/5857.jpg?modified=1622132275","thumbnailWidth":122,"thumbnailHeight":150},{"url":"https://addons.mozilla.org/user-media/previews/full/11/11313.png?modified=1622132275","width":700,"height":458,"thumbnailURL":"https://addons.mozilla.org/user-media/previews/thumbs/11/11313.jpg?modified=1622132275","thumbnailWidth":533,"thumbnailHeight":349,"caption":"Proxies Tab"},{"url":"https://addons.mozilla.org/user-media/previews/full/20/20059.png?modified=1622132275","width":700,"height":458,"thumbnailURL":"https://addons.mozilla.org/user-media/previews/thumbs/20/20059.jpg?modified=1622132275","thumbnailWidth":533,"thumbnailHeight":349,"caption":"Global Settings"},{"url":"https://addons.mozilla.org/user-media/previews/full/20/20060.png?modified=1622132275","width":700,"height":458,"thumbnailURL":"https://addons.mozilla.org/user-media/previews/thumbs/20/20060.jpg?modified=1622132275","thumbnailWidth":533,"thumbnailHeight":349,"caption":"QuickAdd Settings"},{"url":"https://addons.mozilla.org/user-media/previews/full/20/20061.png?modified=1622132276","width":700,"height":465,"thumbnailURL":"https://addons.mozilla.org/user-media/previews/thumbs/20/20061.jpg?modified=1622132276","thumbnailWidth":533,"thumbnailHeight":354,"caption":"AutoAdd Settings"},{"url":"https://addons.mozilla.org/user-media/previews/full/20/20062.png?modified=1622132276","width":700,"height":458,"thumbnailURL":"https://addons.mozilla.org/user-media/previews/thumbs/20/20062.jpg?modified=1622132276","thumbnailWidth":533,"thumbnailHeight":349,"caption":"Logging"},{"url":"https://addons.mozilla.org/user-media/previews/full/20/20063.png?modified=1622132276","width":641,"height":474,"thumbnailURL":"https://addons.mozilla.org/user-media/previews/thumbs/20/20063.jpg?modified=1622132276","thumbnailWidth":533,"thumbnailHeight":394,"caption":"Proxy Settings - General Info"},{"url":"https://addons.mozilla.org/user-media/previews/full/20/20064.png?modified=1622132276","width":700,"height":392,"thumbnailURL":"https://addons.mozilla.org/user-media/previews/thumbs/20/20064.jpg?modified=1622132276","thumbnailWidth":533,"thumbnailHeight":298,"caption":"Proxy Settings - Details"},{"url":"https://addons.mozilla.org/user-media/previews/full/20/20065.png?modified=1622132276","width":700,"height":390,"thumbnailURL":"https://addons.mozilla.org/user-media/previews/thumbs/20/20065.jpg?modified=1622132276","thumbnailWidth":533,"thumbnailHeight":297,"caption":"Proxy Settings - URL Patterns"},{"url":"https://addons.mozilla.org/user-media/previews/full/20/20066.png?modified=1622132276","width":503,"height":312,"thumbnailURL":"https://addons.mozilla.org/user-media/previews/thumbs/20/20066.jpg?modified=1622132276","thumbnailWidth":503,"thumbnailHeight":312,"caption":"Add/Edit Pattern"},{"url":"https://addons.mozilla.org/user-media/previews/full/20/20067.png?modified=1622132276","width":700,"height":268,"thumbnailURL":"https://addons.mozilla.org/user-media/previews/thumbs/20/20067.jpg?modified=1622132276","thumbnailWidth":533,"thumbnailHeight":204,"caption":"QuickAdd Prompt"},{"url":"https://addons.mozilla.org/user-media/previews/full/20/20068.png?modified=1622132276","width":418,"height":297,"thumbnailURL":"https://addons.mozilla.org/user-media/previews/thumbs/20/20068.jpg?modified=1622132276","thumbnailWidth":418,"thumbnailHeight":297,"caption":"About Dialog"},{"url":"https://addons.mozilla.org/user-media/previews/full/36/36178.png?modified=1622132277","width":566,"height":333,"thumbnailURL":"https://addons.mozilla.org/user-media/previews/thumbs/36/36178.jpg?modified=1622132277","thumbnailWidth":533,"thumbnailHeight":314,"caption":"Toolbar icon with drop-down menu"},{"url":"https://addons.mozilla.org/user-media/previews/full/48/48944.png?modified=1622132277","width":552,"height":400,"thumbnailURL":"https://addons.mozilla.org/user-media/previews/thumbs/48/48944.jpg?modified=1622132277","thumbnailWidth":533,"thumbnailHeight":386,"caption":"Wildcard Reference: help on how to use wildcards"},{"url":"https://addons.mozilla.org/user-media/previews/full/48/48945.png?modified=1622132277","width":700,"height":350,"thumbnailURL":"https://addons.mozilla.org/user-media/previews/thumbs/48/48945.jpg?modified=1622132277","thumbnailWidth":533,"thumbnailHeight":266,"caption":"Pattern Template Reference: help on how to use pattern templates for QuickAdd and AutoAdd"}],"contributionURL":"https://paypal.me/ericjung2/9.99?utm_content=product-page-contribute&utm_medium=referral&utm_source=addons.mozilla.org","averageRating":4.1964,"reviewCount":221,"reviewURL":"https://addons.mozilla.org/es/firefox/addon/foxyproxy-standard/reviews/","updateDate":1596097741000},{"id":"wappalyzer@crunchlabz.com","icons":{"32":"https://addons.mozilla.org/user-media/addon_icons/10/10229-32.png?modified=1586303262","64":"https://addons.mozilla.org/user-media/addon_icons/10/10229-64.png?modified=1586303262","128":"https://addons.mozilla.org/user-media/addon_icons/10/10229-128.png?modified=1586303262"},"name":"Wappalyzer","version":"6.10.36","sourceURI":"https://addons.mozilla.org/firefox/downloads/file/3970026/wappalyzer-6.10.36.xpi","homepageURL":"https://www.wappalyzer.com","supportURL":"https://www.wappalyzer.com","description":"Identify technologies on websites","fullDescription":"Wappalyzer is a browser extension that uncovers the technologies used on websites. It detects content management systems, eCommerce platforms, web servers, JavaScript frameworks, analytics tools and many more.","weeklyDownloads":3373,"type":"extension","creator":{"name":"Wappalyzer","url":"https://addons.mozilla.org/es/firefox/user/3609035/"},"developers":[],"screenshots":[{"url":"https://addons.mozilla.org/user-media/previews/full/125/125386.png?modified=1622132463","width":302,"height":417,"thumbnailURL":"https://addons.mozilla.org/user-media/previews/thumbs/125/125386.jpg?modified=1622132463","thumbnailWidth":290,"thumbnailHeight":400,"caption":"Expanded panel"}],"contributionURL":"","averageRating":4.3768,"reviewCount":141,"reviewURL":"https://addons.mozilla.org/es/firefox/addon/wappalyzer/reviews/","updateDate":1656647744000},{"id":"jid0-jJRRRBMgoShUhb07IvnxTBAl29w@jetpack","icons":{"32":"https://addons.mozilla.org/user-media/addon_icons/394/394670-32.png?modified=1527489747","64":"https://addons.mozilla.org/user-media/addon_icons/394/394670-64.png?modified=1527489747","128":"https://addons.mozilla.org/user-media/addon_icons/394/394670-128.png?modified=1527489747"},"name":"IP Address and Domain Information","version":"4.0.6.0","sourceURI":"https://addons.mozilla.org/firefox/downloads/file/3637661/ip_address_and_domain_info-4.0.6.0.xpi","homepageURL":"https://dnslytics.com","supportURL":"https://dnslytics.com/support","description":"The Ultimate online investigation tool! See detailed information about every IP Address, Domain Name and Provider.","fullDescription":"This extension displays detailed information about the current website. The information can be used for online investigation and SEO purposes.\n\nSee IP info like (IPv4 and IPv6): location, DNS, whois data, routing, domain neighbors, blacklists and ASN information. Including a shortcut to Your public IP Address (myIP info).\n\nSee domain info like: Alexa en Quantcast ranking, DMOZ info, social media activity, WOT ranking, whois data and PageRank of every domain.\n\nSee provider info like: BGP, IPv4 subnets, IPv6 subnets, connected providers (peers), hosted nameservers, hosted domains, number of spam hosts, bogon subnets and whois data.","weeklyDownloads":251,"type":"extension","creator":{"name":"webdev7","url":"https://addons.mozilla.org/es/firefox/user/5798370/"},"developers":[],"screenshots":[{"url":"https://addons.mozilla.org/user-media/previews/full/198/198660.png?modified=1622132209","width":990,"height":724,"thumbnailURL":"https://addons.mozilla.org/user-media/previews/thumbs/198/198660.jpg?modified=1622132209","thumbnailWidth":533,"thumbnailHeight":390,"caption":"start screen of add-on with IPv4 information."},{"url":"https://addons.mozilla.org/user-media/previews/full/198/198661.png?modified=1622132212","width":990,"height":724,"thumbnailURL":"https://addons.mozilla.org/user-media/previews/thumbs/198/198661.jpg?modified=1622132212","thumbnailWidth":533,"thumbnailHeight":390,"caption":"IPv6 information"},{"url":"https://addons.mozilla.org/user-media/previews/full/198/198662.png?modified=1622132215","width":990,"height":724,"thumbnailURL":"https://addons.mozilla.org/user-media/previews/thumbs/198/198662.jpg?modified=1622132215","thumbnailWidth":533,"thumbnailHeight":390,"caption":"ISP information"},{"url":"https://addons.mozilla.org/user-media/previews/full/198/198663.png?modified=1622132217","width":990,"height":724,"thumbnailURL":"https://addons.mozilla.org/user-media/previews/thumbs/198/198663.jpg?modified=1622132217","thumbnailWidth":533,"thumbnailHeight":390,"caption":"Domain information"}],"contributionURL":"","averageRating":4.5391,"reviewCount":31,"reviewURL":"https://addons.mozilla.org/es/firefox/addon/ip-address-and-domain-info/reviews/","updateDate":1599235511000}]}