{"task-continuity-sync-after-tab-change-rollout-60":{"slug":"task-continuity-sync-after-tab-change-rollout-60","branch":{"slug":"sync-after-tab","ratio":1,"feature":{"value":{},"enabled":false,"featureId":"this-is-included-for-desktop-pre-95-support"},"features":[{"value":{"syncDelayAfterTabChange":5000},"enabled":true,"featureId":"syncAfterTabChange"}]},"active":true,"enrollmentId":"4a3e0ab4-99a8-4f6b-b46b-b33c88a93927","experimentType":"nimbus","source":"rs-loader","userFacingName":"Task Continuity - Sync after tab change Rollout 60%","userFacingDescription":"Increase frequency of syncing after tab changes","lastSeen":"2022-07-13T17:28:02.449Z","featureIds":["syncAfterTabChange"]},"tcp-rollout-phase-iii-tcp-on-by-default-for-95-existing-release-profiles":{"slug":"tcp-rollout-phase-iii-tcp-on-by-default-for-95-existing-release-profiles","branch":{"slug":"control","ratio":1,"feature":{"value":{},"enabled":false,"featureId":"this-is-included-for-desktop-pre-95-support"},"features":[{"value":{"enabled":true},"enabled":true,"featureId":"tcpByDefault"}]},"active":true,"enrollmentId":"1189a506-9f77-455c-8a2b-403f6c406630","experimentType":"nimbus","source":"rs-loader","userFacingName":"TCP rollout, Phase III (TCP on by default for 95% EXISTING Release profiles)","userFacingDescription":"\"By default\" rollout: Gradually turning on Total Cookie Protection in standard browsing by default for EXISTING user profiles","lastSeen":"2022-07-13T17:28:02.487Z","featureIds":["tcpByDefault"]}}