{"doh-rollout@mozilla.org":{"permissions":["internal:svgContextPropertiesAllowed"],"origins":[]},"formautofill@mozilla.org":{"permissions":["internal:svgContextPropertiesAllowed"],"origins":[]},"pictureinpicture@mozilla.org":{"permissions":["internal:svgContextPropertiesAllowed"],"origins":[]},"screenshots@mozilla.org":{"permissions":["internal:svgContextPropertiesAllowed"],"origins":[]},"webcompat@mozilla.org":{"permissions":["internal:svgContextPropertiesAllowed"],"origins":[]},"default-theme@mozilla.org":{"permissions":["internal:svgContextPropertiesAllowed"],"origins":[]},"addons-search-detection@mozilla.com":{"permissions":["internal:svgContextPropertiesAllowed"],"origins":[]},"google@search.mozilla.org":{"permissions":["internal:svgContextPropertiesAllowed"],"origins":[]},"wikipedia@search.mozilla.org":{"permissions":["internal:svgContextPropertiesAllowed"],"origins":[]},"bing@search.mozilla.org":{"permissions":["internal:svgContextPropertiesAllowed"],"origins":[]},"ddg@search.mozilla.org":{"permissions":["internal:svgContextPropertiesAllowed"],"origins":[]},"ebay@search.mozilla.org":{"permissions":["internal:svgContextPropertiesAllowed"],"origins":[]},"amazon@search.mozilla.org":{"permissions":["internal:svgContextPropertiesAllowed"],"origins":[]},"jid0-jJRRRBMgoShUhb07IvnxTBAl29w@jetpack":{"permissions":["internal:privateBrowsingAllowed"],"origins":[]},"wappalyzer@crunchlabz.com":{"permissions":["internal:privateBrowsingAllowed"],"origins":[]},"foxyproxy@eric.h.jung":{"permissions":["internal:privateBrowsingAllowed"],"origins":[]},"addon@darkreader.org":{"permissions":["internal:privateBrowsingAllowed"],"origins":[]}}