{"schemaVersion":35,"addons":[{"id":"doh-rollout@mozilla.org","syncGUID":"{3636fe2d-2c86-4497-ae29-c244f1ddea77}","version":"2.0.0","type":"extension","loader":null,"updateURL":null,"installOrigins":null,"manifestVersion":2,"optionsURL":null,"optionsType":null,"optionsBrowserStyle":true,"aboutURL":null,"defaultLocale":{"name":"DoH Roll-Out","description":"This used to be a Mozilla add-on that supported the roll-out of DoH, but now only exists as a stub to enable migrations.","creator":null,"developers":null,"translators":null,"contributors":null},"visible":true,"active":true,"userDisabled":false,"appDisabled":false,"embedderDisabled":false,"installDate":1657020243000,"updateDate":1657020243000,"applyBackgroundUpdates":1,"path":"/opt/firefox/browser/features/doh-rollout@mozilla.org.xpi","skinnable":false,"sourceURI":null,"releaseNotesURI":null,"softDisabled":false,"foreignInstall":false,"strictCompatibility":true,"locales":[],"targetApplications":[{"id":"toolkit@mozilla.org","minVersion":"72.0a1","maxVersion":null}],"targetPlatforms":[],"signedDate":null,"seen":true,"dependencies":[],"incognito":"spanning","userPermissions":{"permissions":[],"origins":[]},"optionalPermissions":{"permissions":[],"origins":[]},"icons":{},"iconURL":null,"blocklistState":0,"blocklistURL":null,"startupData":null,"hidden":true,"installTelemetryInfo":null,"recommendationState":null,"rootURI":"jar:file:///opt/firefox/browser/features/doh-rollout@mozilla.org.xpi!/","location":"app-system-defaults"},{"id":"formautofill@mozilla.org","syncGUID":"{a6fd3255-839e-4196-a088-b12e963a1fd3}","version":"1.0.1","type":"extension","loader":null,"updateURL":null,"installOrigins":null,"manifestVersion":2,"optionsURL":null,"optionsType":null,"optionsBrowserStyle":true,"aboutURL":null,"defaultLocale":{"name":"Form Autofill","creator":null,"developers":null,"translators":null,"contributors":null},"visible":true,"active":true,"userDisabled":false,"appDisabled":false,"embedderDisabled":false,"installDate":1657020243000,"updateDate":1657020243000,"applyBackgroundUpdates":1,"path":"/opt/firefox/browser/features/formautofill@mozilla.org.xpi","skinnable":false,"sourceURI":null,"releaseNotesURI":null,"softDisabled":false,"foreignInstall":false,"strictCompatibility":true,"locales":[],"targetApplications":[{"id":"toolkit@mozilla.org","minVersion":null,"maxVersion":null}],"targetPlatforms":[],"signedDate":null,"seen":true,"dependencies":[],"incognito":"spanning","userPermissions":{"permissions":[],"origins":[]},"optionalPermissions":{"permissions":[],"origins":[]},"icons":{},"iconURL":null,"blocklistState":0,"blocklistURL":null,"startupData":null,"hidden":true,"installTelemetryInfo":null,"recommendationState":null,"rootURI":"jar:file:///opt/firefox/browser/features/formautofill@mozilla.org.xpi!/","location":"app-system-defaults"},{"id":"pictureinpicture@mozilla.org","syncGUID":"{61b9c9b5-4cd3-4400-9316-87dda92f4ab7}","version":"1.0.0","type":"extension","loader":null,"updateURL":null,"installOrigins":null,"manifestVersion":2,"optionsURL":null,"optionsType":null,"optionsBrowserStyle":true,"aboutURL":null,"defaultLocale":{"name":"Picture-In-Picture","description":"Fixes for web compatibility with Picture-in-Picture","creator":null,"developers":null,"translators":null,"contributors":null},"visible":true,"active":true,"userDisabled":false,"appDisabled":false,"embedderDisabled":false,"installDate":1657020243000,"updateDate":1657020243000,"applyBackgroundUpdates":1,"path":"/opt/firefox/browser/features/pictureinpicture@mozilla.org.xpi","skinnable":false,"sourceURI":null,"releaseNotesURI":null,"softDisabled":false,"foreignInstall":false,"strictCompatibility":true,"locales":[],"targetApplications":[{"id":"toolkit@mozilla.org","minVersion":"88.0a1","maxVersion":null}],"targetPlatforms":[],"signedDate":null,"seen":true,"dependencies":[],"incognito":"spanning","userPermissions":{"permissions":[],"origins":[]},"optionalPermissions":{"permissions":[],"origins":[]},"icons":{},"iconURL":null,"blocklistState":0,"blocklistURL":null,"startupData":null,"hidden":true,"installTelemetryInfo":null,"recommendationState":null,"rootURI":"jar:file:///opt/firefox/browser/features/pictureinpicture@mozilla.org.xpi!/","location":"app-system-defaults"},{"id":"screenshots@mozilla.org","syncGUID":"{29a6a450-7054-4521-9d2a-d7380a77397d}","version":"39.0.1","type":"extension","loader":null,"updateURL":null,"installOrigins":null,"manifestVersion":2,"optionsURL":null,"optionsType":null,"optionsBrowserStyle":true,"aboutURL":null,"defaultLocale":{"name":"Firefox Screenshots","description":"Take clips and screenshots from the Web and save them temporarily or permanently.","creator":"Mozilla <screenshots-feedback@mozilla.com>","homepageURL":"https://github.com/mozilla-services/screenshots","developers":null,"translators":null,"contributors":null},"visible":true,"active":true,"userDisabled":false,"appDisabled":false,"embedderDisabled":false,"installDate":1657020243000,"updateDate":1657020243000,"applyBackgroundUpdates":1,"path":"/opt/firefox/browser/features/screenshots@mozilla.org.xpi","skinnable":false,"sourceURI":null,"releaseNotesURI":null,"softDisabled":false,"foreignInstall":false,"strictCompatibility":true,"locales":[],"targetApplications":[{"id":"toolkit@mozilla.org","minVersion":"57.0a1","maxVersion":null}],"targetPlatforms":[],"signedDate":null,"seen":true,"dependencies":[],"incognito":"spanning","userPermissions":{"permissions":["activeTab","downloads","tabs","storage","notifications","clipboardWrite","contextMenus","mozillaAddons","telemetry"],"origins":["<all_urls>","https://screenshots.firefox.com/","resource://pdf.js/","about:reader*","https://screenshots.firefox.com/*"]},"optionalPermissions":{"permissions":[],"origins":[]},"icons":{},"iconURL":null,"blocklistState":0,"blocklistURL":null,"startupData":null,"hidden":true,"installTelemetryInfo":null,"recommendationState":null,"rootURI":"jar:file:///opt/firefox/browser/features/screenshots@mozilla.org.xpi!/","location":"app-system-defaults"},{"id":"webcompat-reporter@mozilla.org","syncGUID":"{2c552f90-c33f-4089-9bf4-aaae962fae60}","version":"1.4.2","type":"extension","loader":null,"updateURL":null,"installOrigins":null,"manifestVersion":2,"optionsURL":null,"optionsType":null,"optionsBrowserStyle":true,"aboutURL":null,"defaultLocale":{"name":"WebCompat Reporter","description":"Report site compatibility issues on webcompat.com","creator":"Thomas Wisniewski <twisniewski@mozilla.com>","homepageURL":"https://github.com/mozilla/webcompat-reporter","developers":null,"translators":null,"contributors":null},"visible":true,"active":false,"userDisabled":true,"appDisabled":false,"embedderDisabled":false,"installDate":1657020243000,"updateDate":1657020243000,"applyBackgroundUpdates":1,"path":"/opt/firefox/browser/features/webcompat-reporter@mozilla.org.xpi","skinnable":false,"sourceURI":null,"releaseNotesURI":null,"softDisabled":false,"foreignInstall":false,"strictCompatibility":true,"locales":[],"targetApplications":[{"id":"toolkit@mozilla.org","minVersion":null,"maxVersion":null}],"targetPlatforms":[],"signedDate":null,"seen":true,"dependencies":[],"incognito":"spanning","userPermissions":{"permissions":["tabs"],"origins":["<all_urls>"]},"optionalPermissions":{"permissions":[],"origins":[]},"icons":{"16":"icons/lightbulb.svg","32":"icons/lightbulb.svg","48":"icons/lightbulb.svg","96":"icons/lightbulb.svg","128":"icons/lightbulb.svg"},"iconURL":null,"blocklistState":0,"blocklistURL":null,"startupData":null,"hidden":true,"installTelemetryInfo":null,"recommendationState":null,"rootURI":"jar:file:///opt/firefox/browser/features/webcompat-reporter@mozilla.org.xpi!/","location":"app-system-defaults"},{"id":"webcompat@mozilla.org","syncGUID":"{9513c16b-5c7b-4d3b-b8f0-c8a91264efc4}","version":"102.0.0","type":"extension","loader":null,"updateURL":null,"installOrigins":null,"manifestVersion":2,"optionsURL":null,"optionsType":null,"optionsBrowserStyle":true,"aboutURL":null,"defaultLocale":{"name":"Web Compatibility Interventions","description":"Urgent post-release fixes for web compatibility.","creator":null,"developers":null,"translators":null,"contributors":null},"visible":true,"active":true,"userDisabled":false,"appDisabled":false,"embedderDisabled":false,"installDate":1657020243000,"updateDate":1657020243000,"applyBackgroundUpdates":1,"path":"/opt/firefox/browser/features/webcompat@mozilla.org.xpi","skinnable":false,"sourceURI":null,"releaseNotesURI":null,"softDisabled":false,"foreignInstall":false,"strictCompatibility":true,"locales":[],"targetApplications":[{"id":"toolkit@mozilla.org","minVersion":"59.0b5","maxVersion":null}],"targetPlatforms":[],"signedDate":null,"seen":true,"dependencies":[],"incognito":"spanning","userPermissions":{"permissions":["mozillaAddons","tabs","webNavigation","webRequest","webRequestBlocking"],"origins":["<all_urls>"]},"optionalPermissions":{"permissions":[],"origins":[]},"icons":{},"iconURL":null,"blocklistState":0,"blocklistURL":null,"startupData":null,"hidden":true,"installTelemetryInfo":null,"recommendationState":null,"rootURI":"jar:file:///opt/firefox/browser/features/webcompat@mozilla.org.xpi!/","location":"app-system-defaults"},{"id":"default-theme@mozilla.org","syncGUID":"{250c4ff9-5a04-4e30-80ed-d6134fe7751b}","version":"1.3","type":"theme","loader":null,"updateURL":null,"installOrigins":null,"manifestVersion":2,"optionsURL":null,"optionsType":null,"optionsBrowserStyle":true,"aboutURL":null,"defaultLocale":{"name":"System theme — auto","description":"Follow the operating system setting for buttons, menus, and windows.","creator":"Mozilla","developers":null,"translators":null,"contributors":null},"visible":true,"active":true,"userDisabled":false,"appDisabled":false,"embedderDisabled":false,"installDate":1657733278632,"applyBackgroundUpdates":1,"path":null,"skinnable":false,"sourceURI":null,"releaseNotesURI":null,"softDisabled":false,"foreignInstall":false,"strictCompatibility":true,"locales":[],"targetApplications":[{"id":"toolkit@mozilla.org","minVersion":null,"maxVersion":null}],"targetPlatforms":[],"signedDate":null,"seen":true,"dependencies":[],"userPermissions":null,"optionalPermissions":null,"icons":{"32":"icon.svg"},"iconURL":null,"blocklistState":0,"blocklistURL":null,"startupData":null,"hidden":false,"installTelemetryInfo":null,"recommendationState":null,"rootURI":"resource://default-theme/","location":"app-builtin"},{"id":"addons-search-detection@mozilla.com","syncGUID":"{db3a8eaa-d7b0-4fbe-adee-2d6b086d22cd}","version":"2.0.0","type":"extension","loader":null,"updateURL":null,"installOrigins":null,"manifestVersion":2,"optionsURL":null,"optionsType":null,"optionsBrowserStyle":true,"aboutURL":null,"defaultLocale":{"name":"Add-ons Search Detection","description":"","creator":null,"developers":null,"translators":null,"contributors":null},"visible":true,"active":true,"userDisabled":false,"appDisabled":false,"embedderDisabled":false,"installDate":1657733280261,"applyBackgroundUpdates":1,"path":null,"skinnable":false,"sourceURI":null,"releaseNotesURI":null,"softDisabled":false,"foreignInstall":false,"strictCompatibility":true,"locales":[],"targetApplications":[{"id":"toolkit@mozilla.org","minVersion":null,"maxVersion":null}],"targetPlatforms":[],"signedDate":null,"seen":true,"dependencies":[],"incognito":"spanning","userPermissions":{"permissions":["telemetry","webRequest","webRequestBlocking"],"origins":["<all_urls>"]},"optionalPermissions":{"permissions":[],"origins":[]},"icons":{},"iconURL":null,"blocklistState":0,"blocklistURL":null,"startupData":null,"hidden":true,"installTelemetryInfo":null,"recommendationState":null,"rootURI":"resource://builtin-addons/search-detection/","location":"app-builtin"},{"id":"google@search.mozilla.org","syncGUID":"{cdee5868-4743-4898-a80a-a829ddbe4cc7}","version":"1.2","type":"extension","loader":null,"updateURL":null,"installOrigins":null,"manifestVersion":2,"optionsURL":null,"optionsType":null,"optionsBrowserStyle":true,"aboutURL":null,"defaultLocale":{"name":"Google","description":"Google Search","creator":null,"developers":null,"translators":null,"contributors":null},"visible":true,"active":true,"userDisabled":false,"appDisabled":false,"embedderDisabled":false,"installDate":1657733281192,"applyBackgroundUpdates":1,"path":null,"skinnable":false,"sourceURI":null,"releaseNotesURI":null,"softDisabled":false,"foreignInstall":false,"strictCompatibility":true,"locales":[{"name":"Google","description":"Google Search","creator":null,"developers":null,"translators":null,"contributors":null,"locales":["en"]},{"name":"Google","description":"Google Search","creator":null,"developers":null,"translators":null,"contributors":null,"locales":["region-ru"]},{"name":"Google","description":"Google Search","creator":null,"developers":null,"translators":null,"contributors":null,"locales":["region-by"]},{"name":"Google","description":"Google Search","creator":null,"developers":null,"translators":null,"contributors":null,"locales":["b-1-d"]},{"name":"Google","description":"Google Search","creator":null,"developers":null,"translators":null,"contributors":null,"locales":["b-1-e"]},{"name":"Google","description":"Google Search","creator":null,"developers":null,"translators":null,"contributors":null,"locales":["region-tr"]},{"name":"Google","description":"Google Search","creator":null,"developers":null,"translators":null,"contributors":null,"locales":["region-kz"]},{"name":"Google","description":"Google Search","creator":null,"developers":null,"translators":null,"contributors":null,"locales":["b-d"]},{"name":"Google","description":"Google Search","creator":null,"developers":null,"translators":null,"contributors":null,"locales":["b-e"]}],"targetApplications":[{"id":"toolkit@mozilla.org","minVersion":null,"maxVersion":null}],"targetPlatforms":[],"signedDate":null,"seen":true,"dependencies":[],"incognito":"spanning","userPermissions":{"permissions":[],"origins":[]},"optionalPermissions":{"permissions":[],"origins":[]},"icons":{"16":"favicon.ico"},"iconURL":null,"blocklistState":0,"blocklistURL":null,"startupData":null,"hidden":true,"installTelemetryInfo":null,"recommendationState":null,"rootURI":"resource://search-extensions/google/","location":"app-builtin"},{"id":"wikipedia@search.mozilla.org","syncGUID":"{cc645976-e419-49a2-acff-bbcde67aee1c}","version":"1.1","type":"extension","loader":null,"updateURL":null,"installOrigins":null,"manifestVersion":2,"optionsURL":null,"optionsType":null,"optionsBrowserStyle":true,"aboutURL":null,"defaultLocale":{"name":"Wikipedia (en)","description":"Wikipedia, the Free Encyclopedia","creator":null,"developers":null,"translators":null,"contributors":null},"visible":true,"active":true,"userDisabled":false,"appDisabled":false,"embedderDisabled":false,"installDate":1657733281722,"applyBackgroundUpdates":1,"path":null,"skinnable":false,"sourceURI":null,"releaseNotesURI":null,"softDisabled":false,"foreignInstall":false,"strictCompatibility":true,"locales":[{"name":"Wikipedia (en)","description":"Wikipedia, the Free Encyclopedia","creator":null,"developers":null,"translators":null,"contributors":null,"locales":["en"]},{"name":"Wikipedija (hr)","description":"Wikipedija, slobodna enciklopedija","creator":null,"developers":null,"translators":null,"contributors":null,"locales":["hr"]},{"name":"Wikipedia (fi)","description":"Wikipedia (fi), vapaa tietosanakirja","creator":null,"developers":null,"translators":null,"contributors":null,"locales":["fi"]},{"name":"Wikipedia (hy)","description":"Վիքիփեդիա՝ ազատ հանրագիտարան","creator":null,"developers":null,"translators":null,"contributors":null,"locales":["hy"]},{"name":"Уикипедия (kk)","description":"Уикипедия (kk)","creator":null,"developers":null,"translators":null,"contributors":null,"locales":["kk"]},{"name":"Вікіпедыя (be)","description":"Вікіпедыя, свабодная энцыклапедыя","creator":null,"developers":null,"translators":null,"contributors":null,"locales":["be"]},{"name":"위키백과 (ko)","description":"Wikipedia, the free encyclopedia","creator":null,"developers":null,"translators":null,"contributors":null,"locales":["kr"]},{"name":"Wikipedia (ro)","description":"Wikipedia, enciclopedia liberă","creator":null,"developers":null,"translators":null,"contributors":null,"locales":["ro"]},{"name":"Wikipedia (bs)","description":"Slobodna enciklopedija","creator":null,"developers":null,"translators":null,"contributors":null,"locales":["bs"]},{"name":"Wikipedia (pt)","description":"Wikipédia, a enciclopédia livre","creator":null,"developers":null,"translators":null,"contributors":null,"locales":["pt"]},{"name":"Vikipetã (gn)","description":"Vikipetã, opaite tembikuaa hekosãsóva renda","creator":null,"developers":null,"translators":null,"contributors":null,"locales":["gn"]},{"name":"વિકિપીડિયા (gu)","description":"વીકીપીડિયા, મુક્ત એનસાયક્લોપીડિયા","creator":null,"developers":null,"translators":null,"contributors":null,"locales":["gu"]},{"name":"Wikipedia (el)","description":"Βικιπαίδεια, η ελεύθερη εγκυκλοπαίδεια","creator":null,"developers":null,"translators":null,"contributors":null,"locales":["el"]},{"name":"Wikipedia (es)","description":"Wikipedia, la enciclopedia libre","creator":null,"developers":null,"translators":null,"contributors":null,"locales":["es"]},{"name":"ויקיפדיה","description":"ויקיפדיה","creator":null,"developers":null,"translators":null,"contributors":null,"locales":["he"]},{"name":"Wikipedia (da)","description":"Wikipedia, den frie encyklopædi","creator":null,"developers":null,"translators":null,"contributors":null,"locales":["da"]},{"name":"Wikipedia (tr)","description":"Vikipedi, özgür ansiklopedi","creator":null,"developers":null,"translators":null,"contributors":null,"locales":["tr"]},{"name":"Wikipedija (hsb)","description":"Wikipedija, swobodna encyklopedija","creator":null,"developers":null,"translators":null,"contributors":null,"locales":["hsb"]},{"name":"Wikipedy (fy)","description":"De fergese ensyklopedy","creator":null,"developers":null,"translators":null,"contributors":null,"locales":["fy-NL"]},{"name":"विकिपीडिया (ne)","description":"विकिपिडिया एक स्वतन्त्र विश्वकोष","creator":null,"developers":null,"translators":null,"contributors":null,"locales":["ne"]},{"name":"Wikipedia (nl)","description":"De vrije encyclopedie","creator":null,"developers":null,"translators":null,"contributors":null,"locales":["nl"]},{"name":"Wikipedia (ja)","description":"Wikipedia - フリー百科事典","creator":null,"developers":null,"translators":null,"contributors":null,"locales":["ja"]},{"name":"Vikipeedia (et)","description":"Vikipeedia, vaba entsüklopeedia","creator":null,"developers":null,"translators":null,"contributors":null,"locales":["et"]},{"name":"Wikipèdia (oc)","description":"Wikipèdia, l'enciclopèdia liura","creator":null,"developers":null,"translators":null,"contributors":null,"locales":["oc"]},{"name":"Wicipedia (cy)","description":"Wicipedia, Y Gwyddioniadur Rhydd","creator":null,"developers":null,"translators":null,"contributors":null,"locales":["cy"]},{"name":"వికీపీడియా (te)","description":"వికీపీడియా (te)","creator":null,"developers":null,"translators":null,"contributors":null,"locales":["te"]},{"name":"Wikipédia (fr)","description":"Wikipédia, l'encyclopédie libre","creator":null,"developers":null,"translators":null,"contributors":null,"locales":["fr"]},{"name":"Wikipedia (tl)","description":"Wikipedia, ang malayang ensiklopedya","creator":null,"developers":null,"translators":null,"contributors":null,"locales":["tl"]},{"name":"维基百科","description":"维基百科，自由的百科全书","creator":null,"developers":null,"translators":null,"contributors":null,"locales":["zh-CN"]},{"name":"Wikipedia (lij)","description":"Wikipedia, l'enciclopedia libera","creator":null,"developers":null,"translators":null,"contributors":null,"locales":["lij"]},{"name":"វីគីភីឌា (km)","description":"វីគីភីឌា សព្វ​វចនា​ធិប្បាយ​សេរី","creator":null,"developers":null,"translators":null,"contributors":null,"locales":["km"]},{"name":"Уикипедия (bg)","description":"Уикипедия, свободната енциклоподия","creator":null,"developers":null,"translators":null,"contributors":null,"locales":["bg"]},{"name":"Wikipedia (id)","description":"Wikipedia, ensiklopedia bebas","creator":null,"developers":null,"translators":null,"contributors":null,"locales":["id"]},{"name":"Wikipedia (pa)","description":"ਵਿਕਿਪੀਡਿਆ, ਮੁਫ਼ਤ/ਮੁਕਤ ਸ਼ਬਦਕੋਸ਼","creator":null,"developers":null,"translators":null,"contributors":null,"locales":["pa"]},{"name":"উইকিপিডিয়া (bn)","description":"উইকিপিডিয়া, মুক্ত বিশ্বকোষ","creator":null,"developers":null,"translators":null,"contributors":null,"locales":["bn"]},{"name":"Wikipedia (eu)","description":"Wikipedia, entziklopedia askea","creator":null,"developers":null,"translators":null,"contributors":null,"locales":["eu"]},{"name":"Wikipedie (cs)","description":"Wikipedia, svobodná encyclopedie","creator":null,"developers":null,"translators":null,"contributors":null,"locales":["cz"]},{"name":"Wikipédia (hu)","description":"Wikipedia, a szabad enciklopédia","creator":null,"developers":null,"translators":null,"contributors":null,"locales":["hu"]},{"name":"Wikipedia (kn)","description":"Wikipedia, the free encyclopedia","creator":null,"developers":null,"translators":null,"contributors":null,"locales":["kn"]},{"name":"Wikipedia (is)","description":"Wikipedia, the free encyclopedia","creator":null,"developers":null,"translators":null,"contributors":null,"locales":["is"]},{"name":"Вікіпедія (uk)","description":"Вікіпедія, вільна енциклопедія","creator":null,"developers":null,"translators":null,"contributors":null,"locales":["uk"]},{"name":"Wikipedia (kab)","description":"Wikipedia, tasanayt tilellit","creator":null,"developers":null,"translators":null,"contributors":null,"locales":["kab"]},{"name":"Wikipedia (zh)","description":"維基百科，自由的百科全書","creator":null,"developers":null,"translators":null,"contributors":null,"locales":["zh-TW"]},{"name":"ویکیپیڈیا (ur)","description":"ویکیپیڈیا آزاد دائرۃ المعارف","creator":null,"developers":null,"translators":null,"contributors":null,"locales":["ur"]},{"name":"Vikipedio (eo)","description":"Vikipedio, la libera enciklopedio","creator":null,"developers":null,"translators":null,"contributors":null,"locales":["eo"]},{"name":"Wikipedia (si)","description":"Wikipedia, the free encyclopedia","creator":null,"developers":null,"translators":null,"contributors":null,"locales":["si"]},{"name":"ويكيبيديا (ar)","description":"ويكيبيديا (ar)","creator":null,"developers":null,"translators":null,"contributors":null,"locales":["ar"]},{"name":"Wikipedia (vi)","description":"Wikipedia, bách khoa toàn thư mở","creator":null,"developers":null,"translators":null,"contributors":null,"locales":["vi"]},{"name":"ვიკიპედია (ka)","description":"ვიკიპედია, თავისუფალი ენციკლოპედია","creator":null,"developers":null,"translators":null,"contributors":null,"locales":["ka"]},{"name":"Uicipeid (gd)","description":"Wikipedia, An leabhar mòr-eòlais","creator":null,"developers":null,"translators":null,"contributors":null,"locales":["gd"]},{"name":"Wikipedia (it)","description":"Wikipedia, l'enciclopedia libera","creator":null,"developers":null,"translators":null,"contributors":null,"locales":["it"]},{"name":"Vikipediya (uz)","description":"Vikipediya, ochiq ensiklopediya","creator":null,"developers":null,"translators":null,"contributors":null,"locales":["uz"]},{"name":"Wikipedia (lt)","description":"Vikipedija, laisvoji enciklopedija","creator":null,"developers":null,"translators":null,"contributors":null,"locales":["lt"]},{"name":"Wikipedia (sq)","description":"Wikipedia, enciklopedia e lirë","creator":null,"developers":null,"translators":null,"contributors":null,"locales":["sq"]},{"name":"Vicipéid (ga)","description":"Vicipéid, an Chiclipéid Shaor","creator":null,"developers":null,"translators":null,"contributors":null,"locales":["ga-IE"]},{"name":"विकिपीडिया (hi)","description":"विकिपीडिया (हिन्दी)","creator":null,"developers":null,"translators":null,"contributors":null,"locales":["hi"]},{"name":"Vikipedeja (ltg)","description":"Vikipēdija, breivuo eņciklopedeja","creator":null,"developers":null,"translators":null,"contributors":null,"locales":["ltg"]},{"name":"விக்கிப்பீடியா (ta)","description":"விக்கிப்பீடியா (ta)","creator":null,"developers":null,"translators":null,"contributors":null,"locales":["ta"]},{"name":"Vikipediya (az)","description":"Vikipediya, açıq ensiklopediya","creator":null,"developers":null,"translators":null,"contributors":null,"locales":["az"]},{"name":"Википедија (mk)","description":"Википедија, слободната енциклопедија","creator":null,"developers":null,"translators":null,"contributors":null,"locales":["mk"]},{"name":"วิกิพีเดีย","description":"วิกิพีเดีย สารานุกรมเสรี","creator":null,"developers":null,"translators":null,"contributors":null,"locales":["th"]},{"name":"Wikipedia (de)","description":"Wikipedia, die freie Enzyklopädie","creator":null,"developers":null,"translators":null,"contributors":null,"locales":["de"]},{"name":"Wikipedija (dsb)","description":"Wikipedija, lichotna encyklopedija","creator":null,"developers":null,"translators":null,"contributors":null,"locales":["dsb"]},{"name":"विकिपीडिया (mr)","description":"विकिपीडिया, मोफत माहितीकोष","creator":null,"developers":null,"translators":null,"contributors":null,"locales":["mr"]},{"name":"Wikipedia (ast)","description":"La enciclopedia llibre","creator":null,"developers":null,"translators":null,"contributors":null,"locales":["ast"]},{"name":"Wikipedia (my)","description":"အခမဲ့လွတ်လပ်စွယ်စုံကျမ်း","creator":null,"developers":null,"translators":null,"contributors":null,"locales":["my"]},{"name":"Wikipedia (rm)","description":"Vichipedia, l'enciclopedia libra","creator":null,"developers":null,"translators":null,"contributors":null,"locales":["rm"]},{"name":"Wikipedia (nn)","description":"Wikipedia, det frie oppslagsverket","creator":null,"developers":null,"translators":null,"contributors":null,"locales":["NN"]},{"name":"Wikipedia (wo)","description":"Wikipedia, Jimbulang bu Ubbeeku bi","creator":null,"developers":null,"translators":null,"contributors":null,"locales":["wo"]},{"name":"Wikipedia (gl)","description":"Wikipedia, a enciclopedia libre","creator":null,"developers":null,"translators":null,"contributors":null,"locales":["gl"]},{"name":"Viquipèdia (ca)","description":"L'enciclopèdia lliure","creator":null,"developers":null,"translators":null,"contributors":null,"locales":["ca"]},{"name":"Wikipédia (sk)","description":"Wikipédia, slobodná a otvorená encyklopédia","creator":null,"developers":null,"translators":null,"contributors":null,"locales":["sk"]},{"name":"Википедија (sr)","description":"Претрага Википедије на српском језику","creator":null,"developers":null,"translators":null,"contributors":null,"locales":["sr"]},{"name":"Wikipedia (af)","description":"Wikipedia, die vrye ensiklopedie","creator":null,"developers":null,"translators":null,"contributors":null,"locales":["af"]},{"name":"ویکی‌پدیا (fa)","description":"ویکی‌پدیا، دانشنامهٔ آزاد","creator":null,"developers":null,"translators":null,"contributors":null,"locales":["fa"]},{"name":"Wikipedia (ms)","description":"Wikipedia, ensiklopedia bebas","creator":null,"developers":null,"translators":null,"contributors":null,"locales":["ms"]},{"name":"Wikipedia (ia)","description":"Wikipedia, le encyclopedia libere","creator":null,"developers":null,"translators":null,"contributors":null,"locales":["ia"]},{"name":"Wikipedia (no)","description":"Wikipedia, den frie encyklopedi","creator":null,"developers":null,"translators":null,"contributors":null,"locales":["NO"]},{"name":"Википедия (ru)","description":"Википедия, свободная энциклопедия","creator":null,"developers":null,"translators":null,"contributors":null,"locales":["ru"]},{"name":"Wikipedia (br)","description":"Wikipedia, an holloueziadur digor","creator":null,"developers":null,"translators":null,"contributors":null,"locales":["br"]},{"name":"Wikipedia (pl)","description":"Wikipedia, wolna encyklopedia","creator":null,"developers":null,"translators":null,"contributors":null,"locales":["pl"]},{"name":"Вікіпэдыя (be-tarask)","description":"Вікіпэдыя, вольная энцыкляпэдыя","creator":null,"developers":null,"translators":null,"contributors":null,"locales":["be-tarask"]},{"name":"Wikipedia (sv)","description":"Wikipedia, den fria encyklopedin","creator":null,"developers":null,"translators":null,"contributors":null,"locales":["sv-SE"]},{"name":"ວິກິພີເດຍ (lo)","description":"ວິກິພີເດຍ, ສາລານຸກົມເສລີ","creator":null,"developers":null,"translators":null,"contributors":null,"locales":["lo"]},{"name":"Wikipedija (sl)","description":"Wikipedija, prosta enciklopedija","creator":null,"developers":null,"translators":null,"contributors":null,"locales":["sl"]},{"name":"Vikipēdija","description":"Vikipēdija, brīvā enciklopēdija","creator":null,"developers":null,"translators":null,"contributors":null,"locales":["lv"]},{"name":"Biquipedia (an)","description":"A enciclopedia Libre","creator":null,"developers":null,"translators":null,"contributors":null,"locales":["an"]}],"targetApplications":[{"id":"toolkit@mozilla.org","minVersion":null,"maxVersion":null}],"targetPlatforms":[],"signedDate":null,"seen":true,"dependencies":[],"incognito":"spanning","userPermissions":{"permissions":[],"origins":[]},"optionalPermissions":{"permissions":[],"origins":[]},"icons":{"16":"favicon.ico"},"iconURL":null,"blocklistState":0,"blocklistURL":null,"startupData":null,"hidden":true,"installTelemetryInfo":null,"recommendationState":null,"rootURI":"resource://search-extensions/wikipedia/","location":"app-builtin"},{"id":"bing@search.mozilla.org","syncGUID":"{58ab038c-e9f8-47d7-94fb-73ae3da6c320}","version":"1.3","type":"extension","loader":null,"updateURL":null,"installOrigins":null,"manifestVersion":2,"optionsURL":null,"optionsType":null,"optionsBrowserStyle":true,"aboutURL":null,"defaultLocale":{"name":"Bing","description":"Microsoft Bing","creator":null,"developers":null,"translators":null,"contributors":null},"visible":true,"active":true,"userDisabled":false,"appDisabled":false,"embedderDisabled":false,"installDate":1657733281952,"applyBackgroundUpdates":1,"path":null,"skinnable":false,"sourceURI":null,"releaseNotesURI":null,"softDisabled":false,"foreignInstall":false,"strictCompatibility":true,"locales":[],"targetApplications":[{"id":"toolkit@mozilla.org","minVersion":null,"maxVersion":null}],"targetPlatforms":[],"signedDate":null,"seen":true,"dependencies":[],"incognito":"spanning","userPermissions":{"permissions":[],"origins":[]},"optionalPermissions":{"permissions":[],"origins":[]},"icons":{"16":"favicon.ico"},"iconURL":null,"blocklistState":0,"blocklistURL":null,"startupData":null,"hidden":true,"installTelemetryInfo":null,"recommendationState":null,"rootURI":"resource://search-extensions/bing/","location":"app-builtin"},{"id":"ddg@search.mozilla.org","syncGUID":"{b5646210-3783-46ab-a74f-d5c4a9a1a588}","version":"1.1","type":"extension","loader":null,"updateURL":null,"installOrigins":null,"manifestVersion":2,"optionsURL":null,"optionsType":null,"optionsBrowserStyle":true,"aboutURL":null,"defaultLocale":{"name":"DuckDuckGo","description":"Search DuckDuckGo","creator":null,"developers":null,"translators":null,"contributors":null},"visible":true,"active":true,"userDisabled":false,"appDisabled":false,"embedderDisabled":false,"installDate":1657733282226,"applyBackgroundUpdates":1,"path":null,"skinnable":false,"sourceURI":null,"releaseNotesURI":null,"softDisabled":false,"foreignInstall":false,"strictCompatibility":true,"locales":[],"targetApplications":[{"id":"toolkit@mozilla.org","minVersion":null,"maxVersion":null}],"targetPlatforms":[],"signedDate":null,"seen":true,"dependencies":[],"incognito":"spanning","userPermissions":{"permissions":[],"origins":[]},"optionalPermissions":{"permissions":[],"origins":[]},"icons":{"16":"favicon.ico"},"iconURL":null,"blocklistState":0,"blocklistURL":null,"startupData":null,"hidden":true,"installTelemetryInfo":null,"recommendationState":null,"rootURI":"resource://search-extensions/ddg/","location":"app-builtin"},{"id":"ebay@search.mozilla.org","syncGUID":"{ddb775b5-5b6c-44d3-930f-79a65cb82109}","version":"1.3","type":"extension","loader":null,"updateURL":null,"installOrigins":null,"manifestVersion":2,"optionsURL":null,"optionsType":null,"optionsBrowserStyle":true,"aboutURL":null,"defaultLocale":{"name":"eBay","description":"eBay - Online auctions","creator":null,"developers":null,"translators":null,"contributors":null},"visible":true,"active":true,"userDisabled":false,"appDisabled":false,"embedderDisabled":false,"installDate":1657733282525,"applyBackgroundUpdates":1,"path":null,"skinnable":false,"sourceURI":null,"releaseNotesURI":null,"softDisabled":false,"foreignInstall":false,"strictCompatibility":true,"locales":[{"name":"eBay","description":"eBay - Online auctions","creator":null,"developers":null,"translators":null,"contributors":null,"locales":["en"]},{"name":"eBay","description":"eBay - Online auctions","creator":null,"developers":null,"translators":null,"contributors":null,"locales":["ie"]},{"name":"eBay","description":"eBay - Online auctions","creator":null,"developers":null,"translators":null,"contributors":null,"locales":["uk"]},{"name":"eBay","description":"eBay - Online auctions","creator":null,"developers":null,"translators":null,"contributors":null,"locales":["it"]},{"name":"eBay","description":"eBay - Online auctions","creator":null,"developers":null,"translators":null,"contributors":null,"locales":["de"]},{"name":"eBay","description":"eBay - Online auctions","creator":null,"developers":null,"translators":null,"contributors":null,"locales":["ca"]},{"name":"eBay","description":"eBay - Online auctions","creator":null,"developers":null,"translators":null,"contributors":null,"locales":["ch"]},{"name":"eBay","description":"eBay - Online auctions","creator":null,"developers":null,"translators":null,"contributors":null,"locales":["au"]},{"name":"eBay","description":"eBay - Online auctions","creator":null,"developers":null,"translators":null,"contributors":null,"locales":["at"]},{"name":"eBay","description":"eBay - Online auctions","creator":null,"developers":null,"translators":null,"contributors":null,"locales":["nl"]},{"name":"eBay","description":"eBay - Online auctions","creator":null,"developers":null,"translators":null,"contributors":null,"locales":["fr"]},{"name":"eBay","description":"eBay - Online auctions","creator":null,"developers":null,"translators":null,"contributors":null,"locales":["be"]},{"name":"eBay","description":"eBay - Online auctions","creator":null,"developers":null,"translators":null,"contributors":null,"locales":["es"]}],"targetApplications":[{"id":"toolkit@mozilla.org","minVersion":null,"maxVersion":null}],"targetPlatforms":[],"signedDate":null,"seen":true,"dependencies":[],"incognito":"spanning","userPermissions":{"permissions":[],"origins":[]},"optionalPermissions":{"permissions":[],"origins":[]},"icons":{"16":"favicon.ico"},"iconURL":null,"blocklistState":0,"blocklistURL":null,"startupData":null,"hidden":true,"installTelemetryInfo":null,"recommendationState":null,"rootURI":"resource://search-extensions/ebay/","location":"app-builtin"},{"id":"firefox-compact-light@mozilla.org","syncGUID":"{726da90b-9377-4791-b81b-9e746dd456b9}","version":"1.2","type":"theme","loader":null,"updateURL":null,"installOrigins":null,"manifestVersion":2,"optionsURL":null,"optionsType":null,"optionsBrowserStyle":true,"aboutURL":null,"defaultLocale":{"name":"Light","description":"A theme with a light color scheme.","creator":"Mozilla","developers":null,"translators":null,"contributors":null},"visible":true,"active":false,"userDisabled":true,"appDisabled":false,"embedderDisabled":false,"installDate":1657733283340,"applyBackgroundUpdates":1,"path":null,"skinnable":false,"sourceURI":null,"releaseNotesURI":null,"softDisabled":false,"foreignInstall":false,"strictCompatibility":true,"locales":[],"targetApplications":[{"id":"toolkit@mozilla.org","minVersion":null,"maxVersion":null}],"targetPlatforms":[],"signedDate":null,"seen":true,"dependencies":[],"userPermissions":null,"optionalPermissions":null,"icons":{"32":"icon.svg"},"iconURL":null,"blocklistState":0,"blocklistURL":null,"startupData":null,"hidden":false,"installTelemetryInfo":null,"recommendationState":null,"rootURI":"resource://builtin-themes/light/","location":"app-builtin"},{"id":"firefox-compact-dark@mozilla.org","syncGUID":"{1dccfd69-1c8f-4ca2-859d-7d82b70f0079}","version":"1.2","type":"theme","loader":null,"updateURL":null,"installOrigins":null,"manifestVersion":2,"optionsURL":null,"optionsType":null,"optionsBrowserStyle":true,"aboutURL":null,"defaultLocale":{"name":"Dark","description":"A theme with a dark color scheme.","creator":"Mozilla","developers":null,"translators":null,"contributors":null},"visible":true,"active":false,"userDisabled":true,"appDisabled":false,"embedderDisabled":false,"installDate":1657733283342,"applyBackgroundUpdates":1,"path":null,"skinnable":false,"sourceURI":null,"releaseNotesURI":null,"softDisabled":false,"foreignInstall":false,"strictCompatibility":true,"locales":[],"targetApplications":[{"id":"toolkit@mozilla.org","minVersion":null,"maxVersion":null}],"targetPlatforms":[],"signedDate":null,"seen":true,"dependencies":[],"userPermissions":null,"optionalPermissions":null,"icons":{"32":"icon.svg"},"iconURL":null,"blocklistState":0,"blocklistURL":null,"startupData":null,"hidden":false,"installTelemetryInfo":null,"recommendationState":null,"rootURI":"resource://builtin-themes/dark/","location":"app-builtin"},{"id":"firefox-alpenglow@mozilla.org","syncGUID":"{a7abaaaf-576d-462f-a549-80f1ab95de8b}","version":"1.4","type":"theme","loader":null,"updateURL":null,"installOrigins":null,"manifestVersion":2,"optionsURL":null,"optionsType":null,"optionsBrowserStyle":true,"aboutURL":null,"defaultLocale":{"name":"Firefox Alpenglow","description":"Use a colorful appearance for buttons, menus, and windows.","creator":null,"developers":null,"translators":null,"contributors":null},"visible":true,"active":false,"userDisabled":true,"appDisabled":false,"embedderDisabled":false,"installDate":1657733283343,"applyBackgroundUpdates":1,"path":null,"skinnable":false,"sourceURI":null,"releaseNotesURI":null,"softDisabled":false,"foreignInstall":false,"strictCompatibility":true,"locales":[],"targetApplications":[{"id":"toolkit@mozilla.org","minVersion":null,"maxVersion":null}],"targetPlatforms":[],"signedDate":null,"seen":true,"dependencies":[],"userPermissions":null,"optionalPermissions":null,"icons":{"32":"icon.svg"},"iconURL":null,"blocklistState":0,"blocklistURL":null,"startupData":null,"hidden":false,"installTelemetryInfo":null,"recommendationState":null,"rootURI":"resource://builtin-themes/alpenglow/","location":"app-builtin"},{"id":"amazon@search.mozilla.org","syncGUID":"{3f05c439-31d8-4ff5-8e4b-b0216effa757}","version":"1.9","type":"extension","loader":null,"updateURL":null,"installOrigins":null,"manifestVersion":2,"optionsURL":null,"optionsType":null,"optionsBrowserStyle":true,"aboutURL":null,"defaultLocale":{"name":"Amazon.com.au","description":"Amazon.com.au Search","creator":null,"developers":null,"translators":null,"contributors":null},"visible":true,"active":true,"userDisabled":false,"appDisabled":false,"embedderDisabled":false,"installDate":1657733283975,"applyBackgroundUpdates":1,"path":null,"skinnable":false,"sourceURI":null,"releaseNotesURI":null,"softDisabled":false,"foreignInstall":false,"strictCompatibility":true,"locales":[{"name":"Amazon.com.au","description":"Amazon.com.au Search","creator":null,"developers":null,"translators":null,"contributors":null,"locales":["au"]},{"name":"Amazon.ca","description":"Amazon.ca Search","creator":null,"developers":null,"translators":null,"contributors":null,"locales":["ca"]},{"name":"Amazon.co.uk","description":"Amazon.co.uk Search","creator":null,"developers":null,"translators":null,"contributors":null,"locales":["en-GB-adm"]},{"name":"Amazon.es","description":"Amazon.es","creator":null,"developers":null,"translators":null,"contributors":null,"locales":["spain"]},{"name":"Amazon.de","description":"Amazon.de Suche","creator":null,"developers":null,"translators":null,"contributors":null,"locales":["de-adm"]},{"name":"Amazon.fr","description":"Recherche Amazon.fr","creator":null,"developers":null,"translators":null,"contributors":null,"locales":["france"]},{"name":"Amazon.nl","description":"Amazon.nl Search","creator":null,"developers":null,"translators":null,"contributors":null,"locales":["nl"]},{"name":"Amazon.co.uk","description":"Amazon.co.uk Search","creator":null,"developers":null,"translators":null,"contributors":null,"locales":["en-GB"]},{"name":"Amazon.co.jp","description":"Amazon.co.jp Search","creator":null,"developers":null,"translators":null,"contributors":null,"locales":["jp"]},{"name":"Amazon.se","description":"Amazon.se","creator":null,"developers":null,"translators":null,"contributors":null,"locales":["sweden"]},{"name":"Amazon.it","description":"Ricerca Amazon.it","creator":null,"developers":null,"translators":null,"contributors":null,"locales":["it"]},{"name":"Amazon.de","description":"Amazon.de Suche","creator":null,"developers":null,"translators":null,"contributors":null,"locales":["de"]},{"name":"Amazon.in","description":"Amazon.in Search","creator":null,"developers":null,"translators":null,"contributors":null,"locales":["in"]}],"targetApplications":[{"id":"toolkit@mozilla.org","minVersion":null,"maxVersion":null}],"targetPlatforms":[],"signedDate":null,"seen":true,"dependencies":[],"incognito":"spanning","userPermissions":{"permissions":[],"origins":[]},"optionalPermissions":{"permissions":[],"origins":[]},"icons":{"16":"favicon.ico"},"iconURL":null,"blocklistState":0,"blocklistURL":null,"startupData":null,"hidden":true,"installTelemetryInfo":null,"recommendationState":null,"rootURI":"resource://search-extensions/amazon/","location":"app-builtin"},{"id":"jid0-jJRRRBMgoShUhb07IvnxTBAl29w@jetpack","syncGUID":"{847cc7d1-fbac-4709-b3a9-8ea1f8555ff9}","version":"4.0.6.0","type":"extension","loader":null,"installOrigins":null,"manifestVersion":2,"optionsURL":null,"optionsType":null,"optionsBrowserStyle":true,"aboutURL":null,"defaultLocale":{"name":"IP Address and Domain Information","description":"The Ultimate online investigation tool! See detailed information about every IP Address, Domain Name and Provider.","creator":"webdevmedia","developers":null,"translators":null,"contributors":null},"visible":true,"active":true,"userDisabled":false,"appDisabled":false,"embedderDisabled":false,"installDate":1657733489062,"updateDate":1657733489062,"applyBackgroundUpdates":1,"path":"/home/j4munoff/.mozilla/firefox/poucdvcf.default-release/extensions/jid0-jJRRRBMgoShUhb07IvnxTBAl29w@jetpack.xpi","skinnable":false,"sourceURI":"https://addons.mozilla.org/firefox/downloads/file/3637661/ip_address_and_domain_info-4.0.6.0.xpi","releaseNotesURI":null,"softDisabled":false,"foreignInstall":false,"strictCompatibility":true,"locales":[{"name":"IP Address and Domain Information","description":"The Ultimate online investigation tool! See detailed information about every IP Address, Domain Name and Provider.","creator":"webdevmedia","developers":null,"translators":null,"contributors":null,"locales":["en"]}],"targetApplications":[{"id":"toolkit@mozilla.org","minVersion":"48.0","maxVersion":"*"}],"targetPlatforms":[],"signedState":2,"signedDate":1599235511000,"seen":true,"dependencies":[],"incognito":"spanning","userPermissions":{"permissions":["activeTab"],"origins":["https://*.dnslytics.net/*"]},"optionalPermissions":{"permissions":[],"origins":[]},"icons":{"30":"icon30.png","32":"icon32.png","64":"icon64.png","128":"icon128.png"},"iconURL":null,"blocklistState":0,"blocklistURL":null,"startupData":null,"hidden":false,"installTelemetryInfo":{"source":"amo","sourceURL":"https://addons.mozilla.org/es/firefox/addon/ip-address-and-domain-info/?utm_source=addons.mozilla.org&utm_medium=referral&utm_content=search","method":"amWebAPI"},"recommendationState":null,"rootURI":"jar:file:///home/j4munoff/.mozilla/firefox/poucdvcf.default-release/extensions/jid0-jJRRRBMgoShUhb07IvnxTBAl29w@jetpack.xpi!/","location":"app-profile"},{"id":"wappalyzer@crunchlabz.com","syncGUID":"{86127272-044c-4f5b-a33e-5166531a6a2e}","version":"6.10.36","type":"extension","loader":null,"updateURL":null,"installOrigins":null,"manifestVersion":2,"optionsURL":"html/options.html","optionsType":5,"optionsBrowserStyle":true,"aboutURL":null,"defaultLocale":{"name":"Wappalyzer - Technology profiler","description":"Identify web technologies","creator":"Wappalyzer","homepageURL":"https://www.wappalyzer.com/","developers":null,"translators":null,"contributors":null},"visible":true,"active":true,"userDisabled":false,"appDisabled":false,"embedderDisabled":false,"installDate":1657733506501,"updateDate":1657733506501,"applyBackgroundUpdates":1,"path":"/home/j4munoff/.mozilla/firefox/poucdvcf.default-release/extensions/wappalyzer@crunchlabz.com.xpi","skinnable":false,"sourceURI":"https://addons.mozilla.org/firefox/downloads/file/3970026/wappalyzer-6.10.36.xpi","releaseNotesURI":null,"softDisabled":false,"foreignInstall":false,"strictCompatibility":true,"locales":[{"name":"Wappalyzer - Technology profiler","description":"Identify web technologies","creator":"Wappalyzer","homepageURL":"https://www.wappalyzer.com/","developers":null,"translators":null,"contributors":null,"locales":["en"]},{"name":"Wappalyzer - Technology profiler","description":"Identify web technologies","creator":"Wappalyzer","homepageURL":"https://www.wappalyzer.com/","developers":null,"translators":null,"contributors":null,"locales":["ja"]},{"name":"Wappalyzer - Technology profiler","description":"Identify web technologies","creator":"Wappalyzer","homepageURL":"https://www.wappalyzer.com/","developers":null,"translators":null,"contributors":null,"locales":["fr"]},{"name":"Wappalyzer - Technology profiler","description":"Identify web technologies","creator":"Wappalyzer","homepageURL":"https://www.wappalyzer.com/","developers":null,"translators":null,"contributors":null,"locales":["gl-ES"]},{"name":"Wappalyzer - Technology profiler","description":"Identify web technologies","creator":"Wappalyzer","homepageURL":"https://www.wappalyzer.com/","developers":null,"translators":null,"contributors":null,"locales":["id"]},{"name":"Wappalyzer - Technology profiler","description":"Identify web technologies","creator":"Wappalyzer","homepageURL":"https://www.wappalyzer.com/","developers":null,"translators":null,"contributors":null,"locales":["ko"]},{"name":"Wappalyzer - Technology profiler","description":"Identify web technologies","creator":"Wappalyzer","homepageURL":"https://www.wappalyzer.com/","developers":null,"translators":null,"contributors":null,"locales":["uk"]},{"name":"Wappalyzer - Technology profiler","description":"Identify web technologies","creator":"Wappalyzer","homepageURL":"https://www.wappalyzer.com/","developers":null,"translators":null,"contributors":null,"locales":["it"]},{"name":"Wappalyzer - Technology profiler","description":"Identify web technologies","creator":"Wappalyzer","homepageURL":"https://www.wappalyzer.com/","developers":null,"translators":null,"contributors":null,"locales":["gr"]},{"name":"Wappalyzer - Technology profiler","description":"Identify web technologies","creator":"Wappalyzer","homepageURL":"https://www.wappalyzer.com/","developers":null,"translators":null,"contributors":null,"locales":["uz"]},{"name":"Wappalyzer - Technology profiler","description":"Identify web technologies","creator":"Wappalyzer","homepageURL":"https://www.wappalyzer.com/","developers":null,"translators":null,"contributors":null,"locales":["de"]},{"name":"Wappalyzer - Technology profiler","description":"Identify web technologies","creator":"Wappalyzer","homepageURL":"https://www.wappalyzer.com/","developers":null,"translators":null,"contributors":null,"locales":["ca"]},{"name":"Wappalyzer - Technology profiler","description":"Identify web technologies","creator":"Wappalyzer","homepageURL":"https://www.wappalyzer.com/","developers":null,"translators":null,"contributors":null,"locales":["sk"]},{"name":"Wappalyzer - Technology profiler","description":"Identify web technologies","creator":"Wappalyzer","homepageURL":"https://www.wappalyzer.com/","developers":null,"translators":null,"contributors":null,"locales":["fa"]},{"name":"Wappalyzer - Technology profiler","description":"Identify web technologies","creator":"Wappalyzer","homepageURL":"https://www.wappalyzer.com/","developers":null,"translators":null,"contributors":null,"locales":["zh-CN"]},{"name":"Wappalyzer - Technology profiler","description":"Identify web technologies","creator":"Wappalyzer","homepageURL":"https://www.wappalyzer.com/","developers":null,"translators":null,"contributors":null,"locales":["ru"]},{"name":"Wappalyzer - Technology profiler","description":"Identify web technologies","creator":"Wappalyzer","homepageURL":"https://www.wappalyzer.com/","developers":null,"translators":null,"contributors":null,"locales":["pl"]},{"name":"Wappalyzer - Technology profiler","description":"Identify web technologies","creator":"Wappalyzer","homepageURL":"https://www.wappalyzer.com/","developers":null,"translators":null,"contributors":null,"locales":["pt"]},{"name":"Wappalyzer - Technology profiler","description":"Identify web technologies","creator":"Wappalyzer","homepageURL":"https://www.wappalyzer.com/","developers":null,"translators":null,"contributors":null,"locales":["ro"]},{"name":"Wappalyzer - Technology profiler","description":"Identify web technologies","creator":"Wappalyzer","homepageURL":"https://www.wappalyzer.com/","developers":null,"translators":null,"contributors":null,"locales":["el"]},{"name":"Wappalyzer - Technology profiler","description":"Identify web technologies","creator":"Wappalyzer","homepageURL":"https://www.wappalyzer.com/","developers":null,"translators":null,"contributors":null,"locales":["es"]},{"name":"Wappalyzer - Technology profiler","description":"Identify web technologies","creator":"Wappalyzer","homepageURL":"https://www.wappalyzer.com/","developers":null,"translators":null,"contributors":null,"locales":["pt-BR"]},{"name":"Wappalyzer - Technology profiler","description":"Identify web technologies","creator":"Wappalyzer","homepageURL":"https://www.wappalyzer.com/","developers":null,"translators":null,"contributors":null,"locales":["zh-TW"]},{"name":"Wappalyzer - Technology profiler","description":"Identify web technologies","creator":"Wappalyzer","homepageURL":"https://www.wappalyzer.com/","developers":null,"translators":null,"contributors":null,"locales":["tr"]},{"name":"Wappalyzer - Technology profiler","description":"Identify web technologies","creator":"Wappalyzer","homepageURL":"https://www.wappalyzer.com/","developers":null,"translators":null,"contributors":null,"locales":["nl"]}],"targetApplications":[{"id":"toolkit@mozilla.org","minVersion":"48.0","maxVersion":"*"}],"targetPlatforms":[],"signedState":2,"signedDate":1656647737000,"seen":true,"dependencies":[],"incognito":"spanning","userPermissions":{"permissions":["cookies","storage","tabs","webRequest","webNavigation"],"origins":["http://*/*","https://*/*"]},"optionalPermissions":{"permissions":["downloads"],"origins":[]},"icons":{"16":"images/icon_16.png","19":"images/icon_19.png","32":"images/icon_32.png","38":"images/icon_38.png","64":"images/icon_64.png","128":"images/icon_128.png","256":"images/icon_256.png","512":"images/icon_512.png","1024":"images/icon_1024.png"},"iconURL":null,"blocklistState":0,"blocklistURL":null,"startupData":null,"hidden":false,"installTelemetryInfo":{"source":"amo","sourceURL":"https://addons.mozilla.org/es/firefox/addon/wappalyzer/","method":"amWebAPI"},"recommendationState":null,"rootURI":"jar:file:///home/j4munoff/.mozilla/firefox/poucdvcf.default-release/extensions/wappalyzer@crunchlabz.com.xpi!/","location":"app-profile"},{"id":"foxyproxy@eric.h.jung","syncGUID":"{132a9f59-b4a9-4bbf-ab80-2cf55e7cbd83}","version":"7.5.1","type":"extension","loader":null,"updateURL":null,"installOrigins":null,"manifestVersion":2,"optionsURL":"options.html","optionsType":3,"optionsBrowserStyle":true,"aboutURL":null,"defaultLocale":{"name":"FoxyProxy Standard","description":"Easy to use advanced Proxy Management tool for everyone","creator":"Eric Jung","homepageURL":"https://getfoxyproxy.org/","developers":null,"translators":null,"contributors":null},"visible":true,"active":true,"userDisabled":false,"appDisabled":false,"embedderDisabled":false,"installDate":1657733533780,"updateDate":1657733533780,"applyBackgroundUpdates":1,"path":"/home/j4munoff/.mozilla/firefox/poucdvcf.default-release/extensions/foxyproxy@eric.h.jung.xpi","skinnable":false,"sourceURI":"https://addons.mozilla.org/firefox/downloads/file/3616824/foxyproxy_standard-7.5.1.xpi","releaseNotesURI":null,"softDisabled":false,"foreignInstall":false,"strictCompatibility":true,"locales":[{"name":"FoxyProxy Standard","description":"Easy to use advanced Proxy Management tool for everyone","creator":"Eric Jung","homepageURL":"https://getfoxyproxy.org/","developers":null,"translators":null,"contributors":null,"locales":["en"]},{"name":"FoxyProxy Standard","description":"Gestionnaire de proxy avancé facile d'utilisation","creator":"Eric Jung","homepageURL":"https://getfoxyproxy.org/","developers":null,"translators":null,"contributors":null,"locales":["fr"]},{"name":"FoxyProxy 标准版","description":"易于使用，适用于任何人的高级代理管理工具","creator":"Eric Jung","homepageURL":"https://getfoxyproxy.org/","developers":null,"translators":null,"contributors":null,"locales":["zh-CN"]},{"name":"FoxyProxy Standard","description":"Продвинутый, но простой в использовании инструмент для управления прокси для каждого","creator":"Eric Jung","homepageURL":"https://getfoxyproxy.org/","developers":null,"translators":null,"contributors":null,"locales":["ru"]},{"name":"FoxyProxy Standard","description":"任誰都能快速上手的進階代理伺服器管理工具","creator":"Eric Jung","homepageURL":"https://getfoxyproxy.org/","developers":null,"translators":null,"contributors":null,"locales":["zh-TW"]}],"targetApplications":[{"id":"toolkit@mozilla.org","minVersion":"60.0","maxVersion":"*"}],"targetPlatforms":[],"signedState":2,"signedDate":1596097741000,"seen":true,"dependencies":[],"incognito":"spanning","userPermissions":{"permissions":["browsingData","proxy","storage","tabs","webRequest","webRequestBlocking","downloads","notifications"],"origins":["<all_urls>"]},"optionalPermissions":{"permissions":[],"origins":[]},"icons":{"16":"images/icon.svg","32":"images/icon.svg","48":"images/icon.svg","64":"images/icon.svg","128":"images/icon.svg"},"iconURL":null,"blocklistState":0,"blocklistURL":null,"startupData":null,"hidden":false,"installTelemetryInfo":{"source":"amo","sourceURL":"https://addons.mozilla.org/es/firefox/addon/foxyproxy-standard/?utm_source=addons.mozilla.org&utm_medium=referral&utm_content=search","method":"amWebAPI"},"recommendationState":{"validNotAfter":1753885741000,"validNotBefore":1596097741000,"states":["recommended"]},"rootURI":"jar:file:///home/j4munoff/.mozilla/firefox/poucdvcf.default-release/extensions/foxyproxy@eric.h.jung.xpi!/","location":"app-profile"},{"id":"addon@darkreader.org","syncGUID":"{9171254e-4f2c-496c-9789-56fe6ef6d80b}","version":"4.9.52","type":"extension","loader":null,"updateURL":null,"installOrigins":null,"manifestVersion":2,"optionsURL":null,"optionsType":null,"optionsBrowserStyle":true,"aboutURL":null,"defaultLocale":{"name":"Dark Reader","description":"Dark mode for every website. Take care of your eyes, use dark theme for night and daily browsing.","creator":"Alexander Shutau","developers":null,"translators":null,"contributors":null},"visible":true,"active":true,"userDisabled":false,"appDisabled":false,"embedderDisabled":false,"installDate":1657733582959,"updateDate":1657733582959,"applyBackgroundUpdates":1,"path":"/home/j4munoff/.mozilla/firefox/poucdvcf.default-release/extensions/addon@darkreader.org.xpi","skinnable":false,"sourceURI":"https://addons.mozilla.org/firefox/downloads/file/3968561/darkreader-4.9.52.xpi","releaseNotesURI":null,"softDisabled":false,"foreignInstall":false,"strictCompatibility":true,"locales":[{"name":"Dark Reader","description":"Dark mode for every website. Take care of your eyes, use dark theme for night and daily browsing.","creator":"Alexander Shutau","developers":null,"translators":null,"contributors":null,"locales":["en"]},{"name":"Dark Reader","description":"すべてのウェブサイトにダークテーマを適用します。夜間や毎日のブラウジングにDark Readerを使用し、あなたの目を気遣います。","creator":"Alexander Shutau","developers":null,"translators":null,"contributors":null,"locales":["ja"]},{"name":"Dark Reader","description":"Tema escuro para todos os websites. Cuide dos seus olhos, use o Dark Reader para navegação noturna e diária.","creator":"Alexander Shutau","developers":null,"translators":null,"contributors":null,"locales":["pt-PT"]},{"name":"Dark Reader","description":"ప్రతి వెబ్‌సైట్‌కి ముదురు థీమ్. మీ కళ్లను కాపాడుకోండి, రాత్రి మరియు పగలు బ్రౌజింగ్ట్‌కి ముదురు థీమ్ ఉపయోగించండి.","creator":"Alexander Shutau","developers":null,"translators":null,"contributors":null,"locales":["te"]},{"name":"Dark Reader","description":"Thème sombre partout sur le net. Détendez vous et vos yeux, profitez d'un thème sombre sur internet jour et nuit.","creator":"Alexander Shutau","developers":null,"translators":null,"contributors":null,"locales":["fr"]},{"name":"Dark Reader","description":"Mode malam untuk semua situs web. Menjaga mata anda, menggunakan tema gelap untuk berselancar siang dan malam hari.","creator":"Alexander Shutau","developers":null,"translators":null,"contributors":null,"locales":["id"]},{"name":"Dark Reader","description":"প্রত্যেক ওয়েবসাইটের জন্য ডার্কমোড। নিজ চোখের যত্ম নিন, নিত্যকার ব্রাউজিং এর জন্য ব্যবহার করুন ডার্ক থিম।","creator":"Alexander Shutau","developers":null,"translators":null,"contributors":null,"locales":["bn"]},{"name":"Dark Reader","description":"حالت تاریک برای همه سایت ها. مراقب چشمانتان باشید، برای وبگردی در شب یا روز از حالت تاریک استفاده کنید.","creator":"Alexander Shutau","developers":null,"translators":null,"contributors":null,"locales":["fa-IR"]},{"name":"Dark Reader","description":"Mörkt läge på alla webbplatser. Ta hand om dina ögon och använd ett mörkt tema för att surfa på natten och dagen.","creator":"Alexander Shutau","developers":null,"translators":null,"contributors":null,"locales":["sv"]},{"name":"Dark Reader","description":"Tmavý motiv pro každou stránku. Používejte Dark Reader pro celodenní prohlížení webu a šetřete tak své oči.","creator":"Alexander Shutau","developers":null,"translators":null,"contributors":null,"locales":["cs"]},{"name":"Dark Reader","description":"Темний вигляд для кожного мережевого сайту. Піклуйтеся про свої очі, використовуйте темний вид для нічного та щоденного перегляду.","creator":"Alexander Shutau","developers":null,"translators":null,"contributors":null,"locales":["uk"]},{"name":"Dark Reader","description":"සෑම වෙබ් අඩවියක් සදහාම Dark mode. ඔබේ ඇස් සුරකින්න, රාත්‍රී සහ දිනපතා වෙබ් අඩවි ගවේෂණය කිරීමේදී Dark mode භාවිතා කරන්න.","creator":"Alexander Shutau","developers":null,"translators":null,"contributors":null,"locales":["si"]},{"name":"Dark Reader","description":"الوضع المظلم لجميع المواقع. اعتن بعينيك، استعمل التنسيق الداكن للتصفح اليومي في الليل.","creator":"Alexander Shutau","developers":null,"translators":null,"contributors":null,"locales":["ar"]},{"name":"Dark Reader","description":"Chế độ tối cho mọi trang web. Chăm sóc đôi mắt của bạn, sử dụng chủ đề tối cho trình duyệt ban đêm và hàng ngày.","creator":"Alexander Shutau","developers":null,"translators":null,"contributors":null,"locales":["vi"]},{"name":"Dark Reader","description":"모든 웹사이트에 다크 모드를 적용합니다. 밤이나 일상적인 웹 브라우징을 할 때 어두운 테마를 사용하여 눈을 보호하십시오.","creator":"Alexander Shutau","developers":null,"translators":null,"contributors":null,"locales":["ko"]},{"name":"Dark Reader","description":"Tema scuro per ogni sito. Prenditi cura dei tuoi occhi, usa Dark Reader per navigare giorno e notte.","creator":"Alexander Shutau","developers":null,"translators":null,"contributors":null,"locales":["it"]},{"name":"Dark Reader","description":"Mørkt tema for alle nettsteder. Ta vare på øynene, bruk Dark Reader for nettleseren, dag og kveld.","creator":"Alexander Shutau","developers":null,"translators":null,"contributors":null,"locales":["no"]},{"name":"Dark Reader","description":"हर वेबसाइट के लिए डार्क थीम। अपनी आंखों की देखभाल करें, रात और हर रोज़ की ब्राउज़िंग के लिए डार्क रीडर का उपयोग करें।","creator":"Alexander Shutau","developers":null,"translators":null,"contributors":null,"locales":["hi"]},{"name":"Dark Reader","description":"เปลี่ยนเป็นโหมดมืดให้กับทุกๆเว็บเพื่อปกป้องสายตาของคุณ ใช้ธีมสีมืดสำหรับตอนกลางคืนและการท่องเว็บในชีวิตประจำวัน","creator":"Alexander Shutau","developers":null,"translators":null,"contributors":null,"locales":["th"]},{"name":"Dark Reader","description":"Dunkles Design für jede Website. Schonen Sie Ihre Augen und verwenden Sie Dark Reader für die Nacht und das tägliche Surfen.","creator":"Alexander Shutau","developers":null,"translators":null,"contributors":null,"locales":["de"]},{"name":"Dark Reader","description":"Dark mode for every website. Take care of your eyes, use dark theme for night and daily browsing.","creator":"Alexander Shutau","developers":null,"translators":null,"contributors":null,"locales":["en-GB"]},{"name":"Dark Reader","description":"Tmavý režim pre každú stránku. Šetrite svoje oči a používajte tmavý motív po celý deň.","creator":"Alexander Shutau","developers":null,"translators":null,"contributors":null,"locales":["sk"]},{"name":"Dark Reader","description":"Tamni mod za svaki sajt. Pazite na svoje oči, koristite tamnu temu danju i noću.","creator":"Alexander Shutau","developers":null,"translators":null,"contributors":null,"locales":["sr"]},{"name":"Dark Reader","description":"حالت تاریک برای همه سایت ها. مراقب چشمانتان باشید، برای وبگردی در شب یا روز از حالت تاریک استفاده کنید.","creator":"Alexander Shutau","developers":null,"translators":null,"contributors":null,"locales":["fa"]},{"name":"Dark Reader","description":"Mod gelap untuk setiap laman web. Jaga mata anda, gunakan tema gelap untuk melayari laman web, malam dan siang.","creator":"Alexander Shutau","developers":null,"translators":null,"contributors":null,"locales":["ms"]},{"name":"Dark Reader","description":"适用于任何网站的黑暗主题。关爱眼睛，就使用 Dark Reader 进行日常浏览。","creator":"Alexander Shutau","developers":null,"translators":null,"contributors":null,"locales":["zh-CN"]},{"name":"Dark Reader","description":"Тёмная тема для каждого сайта. Берегите зрение, используйте Дарк Ридер для ночного или ежедневного просмотра веб-страниц.","creator":"Alexander Shutau","developers":null,"translators":null,"contributors":null,"locales":["ru"]},{"name":"Dark Reader","description":"Tryb ciemny dla wszystkich stron internetowych. Zadbaj o swoje oczy, używaj ciemnego motywu przeglądając w dzień i w nocy.","creator":"Alexander Shutau","developers":null,"translators":null,"contributors":null,"locales":["pl"]},{"name":"Dark Reader","description":"Dark mode para sa lahat ng website. Alagaan ang iyong mga mata, gamitin ang dark theme para sa gabi at pang-araw-araw na browsing.","creator":"Alexander Shutau","developers":null,"translators":null,"contributors":null,"locales":["fil"]},{"name":"Dark Reader","description":"Цёмная Тэма для кожнага сайта. Беражыце свае вочы, карыстайцеся Дарк Рыдарам для начнога ці штодзённага прагляду вэб-старонак.","creator":"Alexander Shutau","developers":null,"translators":null,"contributors":null,"locales":["be"]},{"name":"Dark Reader","description":"Temă întunecată pentru orice site. Ai grijă de ochii tăi, folosește Dark Reader pentru cititul noaptea și de zi cu zi.","creator":"Alexander Shutau","developers":null,"translators":null,"contributors":null,"locales":["ro"]},{"name":"Dark Reader","description":"Dark mode for every website. Take care of your eyes, use dark theme for night and daily browsing.","creator":"Alexander Shutau","developers":null,"translators":null,"contributors":null,"locales":["en-US"]},{"name":"Dark Reader","description":"Σκούρα εμφάνιση για όλες τις ιστοσελίδες. Φροντίστε τα μάτια σας κάνοντας χρήση σκούρας εμφάνισης στο καθημερινό σας σερφάρισμα.","creator":"Alexander Shutau","developers":null,"translators":null,"contributors":null,"locales":["el"]},{"name":"Dark Reader","description":"Tema oscuro para todos los sitios. Cuide sus ojos, utilice Dark Reader para navegar durante el día y la noche.","creator":"Alexander Shutau","developers":null,"translators":null,"contributors":null,"locales":["es"]},{"name":"Dark Reader","description":"Tema escuro para todos os sites. Mantenha os seus olhos relaxados usando o tema escuro em sua navegação diária.","creator":"Alexander Shutau","developers":null,"translators":null,"contributors":null,"locales":["pt-BR"]},{"name":"Dark Reader","description":"黑色主題，適用於任何網站。關愛眼睛，使用Dark Reader進行夜間和日間瀏覽。","creator":"Alexander Shutau","developers":null,"translators":null,"contributors":null,"locales":["zh-TW"]},{"name":"Dark Reader","description":"מצב אפל לכל אתר. תשמור על העיניים שלך, השתמש בעיצוב כהה לגלישה בלילה או אפילו ביום.","creator":"Alexander Shutau","developers":null,"translators":null,"contributors":null,"locales":["he"]},{"name":"Dark Reader","description":"Her web sitesi için koyu mod. Gözlerinize iyi bakın, gece ve günlük gezinti için koyu renk tema kullanın.","creator":"Alexander Shutau","developers":null,"translators":null,"contributors":null,"locales":["tr"]},{"name":"Dark Reader","description":"Donkere modus voor elke website. Zorg goed voor je ogen, gebruik donkere modus voor gebruik in de nacht of zelfs overdag.","creator":"Alexander Shutau","developers":null,"translators":null,"contributors":null,"locales":["nl"]}],"targetApplications":[{"id":"toolkit@mozilla.org","minVersion":"54.0","maxVersion":"*"}],"targetPlatforms":[],"signedState":2,"signedDate":1656418433000,"seen":true,"dependencies":[],"incognito":"spanning","userPermissions":{"permissions":["alarms","contextMenus","storage","tabs","theme"],"origins":["<all_urls>"]},"optionalPermissions":{"permissions":[],"origins":[]},"icons":{"16":"icons/dr_16.png","48":"icons/dr_48.png","128":"icons/dr_128.png"},"iconURL":null,"blocklistState":0,"blocklistURL":null,"startupData":null,"hidden":false,"installTelemetryInfo":{"source":"amo","sourceURL":"https://addons.mozilla.org/es/firefox/addon/darkreader/","method":"amWebAPI"},"recommendationState":{"validNotAfter":1814206433000,"validNotBefore":1656418433000,"states":["recommended","recommended-android"]},"rootURI":"jar:file:///home/j4munoff/.mozilla/firefox/poucdvcf.default-release/extensions/addon@darkreader.org.xpi!/","location":"app-profile"}]}